ip_address,anomaly_name,recommendation
192.168.0.252,Brute Force Login,Block IP / Alert Admin
192.168.143.142,High Response Time,Investigate Server / Optimize
192.168.168.218,High Response Time,Investigate Server / Optimize
192.168.169.185,High Response Time,Investigate Server / Optimize
192.168.199.3,High Response Time,Investigate Server / Optimize
192.168.23.12,High Response Time,Investigate Server / Optimize
192.168.39.21,High Response Time,Investigate Server / Optimize
192.168.42.130,High Response Time,Investigate Server / Optimize
